flow,label
C0A89F82_9A48_D83AD921_1BB_06,5
C0A89F82_9DCC_D83AD921_1BB_06,5
C0A89F82_9830_D83AD921_1BB_06,5
C0A89F82_9542_D83AD921_1BB_06,5
C0A89F82_980C_D83AD921_1BB_06,5
C0A89F82_970C_D83AD921_1BB_06,5
C0A89F82_9974_D83AD921_1BB_06,5
C0A89F82_984A_D83AD921_1BB_06,5
C0A89F82_C1A4_9DF00323_1BB_06,6
C0A89F82_C820_9DF00323_1BB_06,6
C0A89F82_BEB8_ACD903C3_1BB_06,7
C0A89F82_DFE0_ACD903A3_1BB_06,7
C0A89F82_B88E_ACD903C3_1BB_06,7
C0A89F82_BB66_ACD903C3_1BB_06,7
C0A89F82_BF40_ACD903C3_1BB_06,7
C0A89F82_BE18_ACD903C3_1BB_06,7
C0A89F82_BFA0_ACD903C3_1BB_06,7
C0A89F82_BF0E_ACD903C3_1BB_06,7
C0A89F82_C8A8_ACD90EC4_1BB_06,8
C0A89F82_C81A_ACD90EE2_1BB_06,8
C0A89F82_C81C_ACD90EE2_1BB_06,8
C0A89F82_C160_ACD90EE2_1BB_06,8
C0A89F82_C1DC_ACD90EC4_1BB_06,8
C0A89F82_EBF4_ACD90EE1_1BB_06,8
C0A89F82_898A_ACD90EE4_1BB_06,8
C0A89F82_B5D4_ACD903C2_1BB_06,8
C0A89F82_E922_ACD90EE1_1BB_06,8
C0A89F82_8A74_ACD90EE4_1BB_06,8
C0A89F82_EB78_ACD90EE1_1BB_06,8
C0A89F82_C9E8_ACD90EE6_1BB_06,9
C0A89F82_C618_ACD90EE6_1BB_06,9
C0A89F82_CCCA_ACD90EE6_1BB_06,9
C0A89F82_AE18_ACD90EC2_1BB_06,9
C0A89F82_D3D6_ACD90EC6_1BB_06,9
C0A89F82_DB14_ACD90EC6_1BB_06,9
C0A89F82_ACD6_ACD90EC2_1BB_06,9
C0A89F82_9830_D83AD921_1BB_06,5
C0A89F82_980C_D83AD921_1BB_06,5
C0A89F82_90E8_976540DF_1BB_06,10
C0A89F82_C7D4_34DA9980_1BB_06,10
C0A89F82_A0F8_279C454F_1BB_06,10
C0A89F82_9796_68C1584D_1BB_06,11
C0A89F82_92EC_68C1584D_1BB_06,11
C0A89F82_964C_68C1584D_1BB_06,11
C0A89F82_96A0_68C1584D_1BB_06,11
C0A89F82_96A4_68C1584D_1BB_06,11
C0A89F82_96A8_68C1584D_1BB_06,11
C0A89F82_96AA_68C1584D_1BB_06,11
C0A89F82_92D8_68C1584D_1BB_06,11
C0A89F82_80B0_68C1587D_1BB_06,11
C0A89F82_981C_68C1584D_1BB_06,11
C0A89F82_9642_68C1584D_1BB_06,11
C0A89F82_96A6_68C1584D_1BB_06,11
C0A89F82_9650_68C1584D_1BB_06,11
C0A89F82_C342_68C1587B_1BB_06,11
C0A89F82_C17A_68C1587B_1BB_06,11
C0A89F82_C2BC_68C1587B_1BB_06,11
C0A89F82_C37A_68C1587B_1BB_06,11
C0A89F82_C6CC_68C1587B_1BB_06,11
C0A89F82_C706_68C1587B_1BB_06,11
C0A89F82_C718_68C1587B_1BB_06,11
C0A89F82_C44E_68C1587B_1BB_06,11
C0A89F82_C6E6_68C1587B_1BB_06,11
C0A89F82_9662_68C15A50_1BB_06,12
C0A89F82_9664_68C15A50_1BB_06,12
C0A89F82_9666_68C15A50_1BB_06,12
C0A89F82_966A_68C15A50_1BB_06,12
C0A89F82_966C_68C15A50_1BB_06,12
C0A89F82_966E_68C15A50_1BB_06,12
C0A89F82_9670_68C15A50_1BB_06,12
C0A89F82_9672_68C15A50_1BB_06,12
C0A89F82_9674_68C15A50_1BB_06,12
C0A89F82_9676_68C15A50_1BB_06,12
C0A89F82_9678_68C15A50_1BB_06,12
C0A89F82_9690_68C15A50_1BB_06,12
C0A89F82_9692_68C15A50_1BB_06,12
C0A89F82_9668_68C15A50_1BB_06,12
C0A89F82_9694_68C15A50_1BB_06,12
C0A89F82_9696_68C15A50_1BB_06,12
C0A89F82_9698_68C15A50_1BB_06,12
C0A89F82_969A_68C15A50_1BB_06,12
C0A89F82_96A0_68C15A50_1BB_06,12
C0A89F82_96A4_68C15A50_1BB_06,12
C0A89F82_96A6_68C15A50_1BB_06,12
C0A89F82_969C_68C15A50_1BB_06,12
C0A89F82_E838_72501E24_1BB_06,11
C0A89F82_E83E_72501E24_1BB_06,11
C0A89F82_E850_72501E24_1BB_06,11
C0A89F82_E766_72501E24_1BB_06,11
C0A89F82_E83C_72501E24_1BB_06,11
C0A89F82_E836_72501E24_1BB_06,11
C0A89F82_E84C_72501E24_1BB_06,11
C0A89F82_E84E_72501E24_1BB_06,11
C0A89F82_E838_72501E24_1BB_06,11
C0A89F82_E85E_72501E24_1BB_06,11
C0A89F82_E766_72501E24_1BB_06,11
C0A89F82_E83C_72501E24_1BB_06,11
C0A89F82_E83E_72501E24_1BB_06,11
C0A89F82_E850_72501E24_1BB_06,11
C0A89F82_E840_72501E24_1BB_06,11
C0A89F82_B9DA_7CE1B824_1BB_06,11
C0A89F82_B9DC_7CE1B824_1BB_06,11
C0A89F82_B9DE_7CE1B824_1BB_06,11
C0A89F82_B9E8_7CE1B824_1BB_06,11
C0A89F82_B9E0_7CE1B824_1BB_06,11
C0A89F82_8BD4_B63DC853_1BB_06,11
C0A89F82_DF2E_B63DC85A_1BB_06,11
C0A89F82_DF30_B63DC85A_1BB_06,11
C0A89F82_DF32_B63DC85A_1BB_06,11
C0A89F82_DF34_B63DC85A_1BB_06,11
C0A89F82_DF36_B63DC85A_1BB_06,11
C0A89F82_DF40_B63DC85A_1BB_06,11
C0A89F82_8BC4_B63DC853_1BB_06,11
C0A89F82_8BD0_B63DC853_1BB_06,11
C0A89F82_DF28_B63DC85A_1BB_06,11
C0A89F82_CA96_4A7D8E5F_1BB_06,14
C0A89F82_CB0E_4A7D8E5F_1BB_06,14
C0A89F82_CB2E_4A7D8E5F_1BB_06,14
C0A89F82_CAD0_4A7D8E5F_1BB_06,14
C0A89F82_CB7A_4A7D8E5F_1BB_06,14
C0A89F82_C73C_4A7D8E5F_1BB_06,14
C0A89F82_C69E_4A7D8E5F_1BB_06,14
C0A89F82_C89A_4A7D8E5F_1BB_06,14
C0A89F82_E4BC_67EB2EBF_1BB_06,11
C0A89F82_E508_67EB2EBF_1BB_06,11
C0A89F82_E510_67EB2EBF_1BB_06,11
C0A89F82_EA80_67EB2EBF_1BB_06,11
C0A89F82_EA82_67EB2EBF_1BB_06,11
C0A89F82_E8AC_67EB2EBF_1BB_06,11
C0A89F82_EA2A_67EB2EBF_1BB_06,11
C0A89F82_EA54_67EB2EBF_1BB_06,11
C0A89F82_80B0_68C1587D_1BB_06,11
C0A89F82_8586_68C1587D_1BB_06,11
C0A89F82_AD76_ADC29806_1BB_06,16
C0A89F82_B348_ADC29806_1BB_06,16
C0A89F82_B34A_ADC29806_1BB_06,16
C0A89F82_AF3A_ADC29806_1BB_06,16
C0A89F82_AF3C_ADC29806_1BB_06,16
C0A89F82_8C3C_ADC298A6_1BB_06,16
C0A89F82_B79C_4A7D0506_1BB_06,16
C0A89F82_B2B2_ADC2986C_1BB_06,16
C0A89F82_AD74_ADC29806_1BB_06,16
C0A89F82_A9DA_D83AC141_1BB_06,17
C0A89F82_AE92_D83AC141_1BB_06,17
C0A89F82_A846_D83AC141_1BB_06,17
C0A89F82_9900_D83AC156_1BB_06,18
C0A89F82_9802_D83AC156_1BB_06,18
C0A89F82_9272_D83AC156_1BB_06,18
C0A89F82_924C_D83AC156_1BB_06,18
C0A89F82_968C_D83AC156_1BB_06,18
C0A89F82_9150_D83AC156_1BB_06,18
C0A89F82_9430_D83AC156_1BB_06,18
C0A89F82_9394_D83AC156_1BB_06,18
C0A89F82_92CC_D83AC156_1BB_06,18
C0A89F82_BF60_ACD90EE2_1BB_06,8
C0A89F82_C160_ACD90EE2_1BB_06,8
C0A89F82_AE18_ACD90EC2_1BB_06,8
C0A89F82_C4C8_ACD90ECD_1BB_06,8
C0A89F82_C430_ACD90EC4_1BB_06,8
C0A89F82_C8A8_ACD90EC4_1BB_06,8
C0A89F82_C960_ACD90ECD_1BB_06,8
C0A89F82_C81A_ACD90EE2_1BB_06,8
C0A89F82_898A_ACD90EE4_1BB_06,8
C0A89F82_EA4A_ACD90EE1_1BB_06,8
C0A89F82_A10A_ACD90EED_1BB_06,8
C0A89F82_81A6_ACD90EE4_1BB_06,8
C0A89F82_EBF4_ACD90EE1_1BB_06,8
C0A89F82_EB78_ACD90EE1_1BB_06,8
C0A89F82_C81C_ACD90EE2_1BB_06,8
C0A89F82_A478_ACD90EEE_1BB_06,8
C0A89F82_E922_ACD90EE1_1BB_06,8
C0A89F82_C160_ACD90EE2_1BB_06,8
C0A89F82_8A74_ACD90EE4_1BB_06,8
C0A89F82_81AA_ACD90EE1_1BB_06,8
C0A89F82_8094_4A7D0509_1BB_06,16
C0A89F82_EE14_4A7D0509_1BB_06,16
C0A89F82_B79C_4A7D0506_1BB_06,16
C0A89F82_B79E_4A7D0506_1BB_06,16
C0A89F82_80AE_4A7D0509_1BB_06,16
C0A89F82_8092_4A7D0509_1BB_06,16
C0A89F82_C7D4_34DA9980_1BB_06,10
C0A89F82_C7DE_34DA9980_1BB_06,10
C0A89F82_C7E0_34DA9980_1BB_06,10
C0A89F82_C7E2_34DA9980_1BB_06,10
C0A89F82_C7E4_34DA9980_1BB_06,10
C0A89F82_C7DC_34DA9980_1BB_06,10
C0A89F82_95C6_635621E3_1BB_06,19
C0A89F82_95C4_635621E3_1BB_06,19
C0A89F82_95C8_635621E3_1BB_06,19
C0A89F82_95C2_635621E3_1BB_06,19
C0A89F82_9462_ADC298A7_1BB_06,16
C0A89F82_92A2_ADC298A7_1BB_06,16
C0A89F82_92A4_ADC298A7_1BB_06,16
C0A89F82_92C4_ADC298A7_1BB_06,16
C0A89F82_92C6_ADC298A7_1BB_06,16
C0A89F82_9460_ADC298A7_1BB_06,16
C0A89F82_D1EC_D83AC142_1BB_06,9
C0A89F82_C4AA_D83AC146_1BB_06,9
C0A89F82_898A_ACD90EE4_1BB_06,8
C0A89F82_EA4A_ACD90EE1_1BB_06,8
C0A89F82_A10A_ACD90EED_1BB_06,8
C0A89F82_A478_ACD90EEE_1BB_06,8
C0A89F82_8A58_ACD903CE_1BB_06,8
C0A89F82_C978_ACD903A2_1BB_06,8
C0A89F82_C160_ACD90EE2_1BB_06,8
C0A89F82_CADE_ACD903A2_1BB_06,8
C0A89F82_A290_ACD90EED_1BB_06,8
C0A89F82_AE18_ACD90EC2_1BB_06,8
C0A89F82_C62E_ACD903A2_1BB_06,8
C0A89F82_CB36_ACD903A2_1BB_06,8
C0A89F82_945E_ACD903AE_1BB_06,8
C0A89F82_8DB6_9DFF4D3D_1BB_06,11
C0A89F82_8DB8_9DFF4D3D_1BB_06,11
C0A89F82_8DBA_9DFF4D3D_1BB_06,11
C0A89F82_8DB2_9DFF4D3D_1BB_06,11
C0A89F82_8DB0_9DFF4D3D_1BB_06,11
C0A89F82_C7D4_34DA9980_1BB_06,10
C0A89F82_9802_D83AC156_1BB_06,18
C0A89F82_924C_D83AC156_1BB_06,18
C0A89F82_9394_D83AC156_1BB_06,18
C0A89F82_C430_ACD90EC4_1BB_06,8
C0A89F82_A176_ACD90ECE_1BB_06,8
C0A89F82_8A74_ACD90EE4_1BB_06,8
C0A89F82_ACD6_ACD90EC2_1BB_06,8
C0A89F82_E474_ACD90ECA_1BB_06,8
C0A89F82_8BD4_B63DC853_1BB_06,11
C0A89F82_DF32_B63DC85A_1BB_06,11
C0A89F82_8BC4_B63DC853_1BB_06,11
C0A89F82_8BD0_B63DC853_1BB_06,11
C0A89F82_8BD2_B63DC853_1BB_06,11
C0A89F82_9662_68C15A50_1BB_06,12
C0A89F82_9664_68C15A50_1BB_06,12
C0A89F82_9666_68C15A50_1BB_06,12
C0A89F82_966A_68C15A50_1BB_06,12
C0A89F82_966C_68C15A50_1BB_06,12
C0A89F82_966E_68C15A50_1BB_06,12
C0A89F82_9670_68C15A50_1BB_06,12
C0A89F82_9672_68C15A50_1BB_06,12
C0A89F82_9674_68C15A50_1BB_06,12
C0A89F82_9676_68C15A50_1BB_06,12
C0A89F82_9678_68C15A50_1BB_06,12
C0A89F82_9690_68C15A50_1BB_06,12
C0A89F82_9692_68C15A50_1BB_06,12
C0A89F82_9668_68C15A50_1BB_06,12
C0A89F82_9694_68C15A50_1BB_06,12
C0A89F82_9696_68C15A50_1BB_06,12
C0A89F82_9698_68C15A50_1BB_06,12
C0A89F82_969A_68C15A50_1BB_06,12
C0A89F82_96A0_68C15A50_1BB_06,12
C0A89F82_96A4_68C15A50_1BB_06,12
C0A89F82_96A6_68C15A50_1BB_06,12
C0A89F82_969C_68C15A50_1BB_06,12
C0A89F82_969E_68C15A50_1BB_06,12
C0A89F82_9662_68C15A50_1BB_06,12
C0A89F82_9672_68C15A50_1BB_06,12
C0A89F82_9692_68C15A50_1BB_06,12
C0A89F82_96A0_68C15A50_1BB_06,12
C0A89F82_96A6_68C15A50_1BB_06,12
C0A89F82_9664_68C15A50_1BB_06,12
C0A89F82_9666_68C15A50_1BB_06,12
C0A89F82_966A_68C15A50_1BB_06,12
C0A89F82_966E_68C15A50_1BB_06,12
C0A89F82_9670_68C15A50_1BB_06,12
C0A89F82_9674_68C15A50_1BB_06,12
C0A89F82_9676_68C15A50_1BB_06,12
C0A89F82_9690_68C15A50_1BB_06,12
C0A89F82_9694_68C15A50_1BB_06,12
C0A89F82_9696_68C15A50_1BB_06,12
C0A89F82_969C_68C15A50_1BB_06,12
C0A89F82_96A4_68C15A50_1BB_06,12
C0A89F82_96A2_68C15A50_1BB_06,12
C0A89F82_CFDE_7169AC29_1BB_06,20
C0A89F82_CFE0_7169AC29_1BB_06,20
C0A89F82_CFE2_7169AC29_1BB_06,20
C0A89F82_CFE6_7169AC29_1BB_06,20
C0A89F82_CFDC_7169AC29_1BB_06,20
